Time,yhat_inverse,testY_inverse
0,532.1091309,563
1,331.1522827,495.9999695
2,239.4361877,408
3,162.0503082,299
4,64.91519928,183
5,30.60000038,95
6,50.29502106,140
7,359.100769,317
8,905.8833008,815
9,1377.369507,1577
10,855.5562134,800
11,578.4714966,616
12,612.2248535,623
13,767.7064819,672
14,771.2192993,671
15,742.3811035,600
16,791.5288696,666
17,765.9140625,775
18,1076.600098,1033
19,1490.071655,1538
20,1077.485229,1023
21,860.3806763,825
22,859.0231934,777
23,765.836731,740
