Time,yhat_inverse,testY_inverse
0,20.71382141,16
1,22.18517685,18
2,23.48527145,19
3,25.14647675,13
4,25.47655487,22
5,24.98049927,20
6,26.51841736,16
7,31.82956696,20
8,31.6104126,21
9,36.24183655,21
10,35.17431641,42
11,36.3416214,46
12,39.08557892,43
13,41.97914124,42
14,41.83306122,41.00000763
15,42.71124268,46
16,45.41121674,54.99999237
17,48.35511017,52
18,48.65233612,50
19,51.15027618,74
20,53.12819672,73
21,53.58952332,82
22,55.57227325,74
23,57.13106537,76
