Time,yhat_inverse,testY_inverse
0,16.47795105,14
1,16.55351639,25
2,17.17612457,25
3,18.24770737,31
4,17.70151138,27
5,17.41221619,26
6,17.5487709,28
7,19.81144333,32
8,20.11122513,51
9,24.44381714,32
10,24.60185242,25
11,28.02410889,23
12,30.03916168,27
13,34.07975769,28
14,34.73136902,26
15,37.81316376,32
16,40.98353577,34
17,44.12472534,48
18,45.40145111,49
19,48.77113342,60
20,52.00852966,63
21,53.07797241,62
22,53.890625,68
23,54.94482422,63
